-- insertando el menu de la polleria
-- Platos de Pollo a la Brasa
INSERT INTO PLATILLO (ID_PLATILLO, NOMBRE, PRECIO, CATEGORIA, DESCRIPCION)
VALUES ('P001', 'Pollo San Pedro', 51.00, 'Brasa', 'Pollo San Pedro con 1/2 porción de papa frita');
INSERT INTO PLATILLO (ID_PLATILLO, NOMBRE, PRECIO, CATEGORIA, DESCRIPCION)
VALUES ('P002', 'Pollo San Pedro', 57.00, 'Brasa', 'Pollo San Pedro con 1/2 porción de papa frita y ensalada');
INSERT INTO PLATILLO (ID_PLATILLO, NOMBRE, PRECIO, CATEGORIA, DESCRIPCION)
VALUES ('P003', 'Pollo San Pedro', 71.00, 'Brasa', 'Pollo San Pedro con 1/2 porción de papa frita, ensalada y 1.5 L de Inca Kola');
INSERT INTO PLATILLO (ID_PLATILLO, NOMBRE, PRECIO, CATEGORIA, DESCRIPCION)
VALUES ('P004', 'Pollo San Pedro', 76.00, 'Brasa', 'Pollo San Pedro con 1/2 porción de papa frita, ensalada y 1.5 L de Inca Kola');
INSERT INTO PLATILLO (ID_PLATILLO, NOMBRE, PRECIO, CATEGORIA, DESCRIPCION)
VALUES ('P005', '1/2 Pollo San Pedro', 38.50, 'Brasa', '1/2 Pollo San Pedro con papa frita y 2 Pepsi 500ml');
INSERT INTO PLATILLO (ID_PLATILLO, NOMBRE, PRECIO, CATEGORIA, DESCRIPCION)
VALUES ('P006', '1/4 Pollo San Pedro', 24.50, 'Brasa', '1/4 Pollo San Pedro con ensalada personal y 1 Pepsi 500ml');
INSERT INTO PLATILLO (ID_PLATILLO, NOMBRE, PRECIO, CATEGORIA, DESCRIPCION)
VALUES ('P007', 'Pollo San Pedro', 44.00, 'Brasa', 'Pollo San Pedro sin acompañamientos');

-- Platos Criollos
INSERT INTO PLATILLO (ID_PLATILLO, NOMBRE, PRECIO, CATEGORIA, DESCRIPCION)
VALUES ('C001', 'Lomo Saltado', 28.00, 'Criollo', 'Lomo Saltado tradicional con guarnición de arroz y papas');
INSERT INTO PLATILLO (ID_PLATILLO, NOMBRE, PRECIO, CATEGORIA, DESCRIPCION)
VALUES ('C002', 'Saltado de Pollo', 21.50, 'Criollo', 'Saltado de Pollo acompañado de arroz y papas fritas');
INSERT INTO PLATILLO (ID_PLATILLO, NOMBRE, PRECIO, CATEGORIA, DESCRIPCION)
VALUES ('C003', 'Tallarín Saltado de Res', 25.50, 'Criollo', 'Tallarín Saltado con carne de res y vegetales');
INSERT INTO PLATILLO (ID_PLATILLO, NOMBRE, PRECIO, CATEGORIA, DESCRIPCION)
VALUES ('C004', 'Tallarín Saltado de Pollo', 21.50, 'Criollo', 'Tallarín Saltado con pollo y vegetales');
INSERT INTO PLATILLO (ID_PLATILLO, NOMBRE, PRECIO, CATEGORIA, DESCRIPCION)
VALUES ('C005', 'Milanesa de Pollo', 16.50, 'Criollo', 'Milanesa de Pollo empanizada con guarnición');
INSERT INTO PLATILLO (ID_PLATILLO, NOMBRE, PRECIO, CATEGORIA, DESCRIPCION)
VALUES ('C006', 'Filete de Pollo', 16.50, 'Criollo', 'Filete de Pollo a la plancha con guarnición');
INSERT INTO PLATILLO (ID_PLATILLO, NOMBRE, PRECIO, CATEGORIA, DESCRIPCION)
VALUES ('C007', 'Caldo de Gallina', 17.00, 'Criollo', 'Caldo de Gallina tradicional');
INSERT INTO PLATILLO (ID_PLATILLO, NOMBRE, PRECIO, CATEGORIA, DESCRIPCION)
VALUES ('C008', 'Salchipapa', 12.00, 'Criollo', 'Salchicha frita con papas');



-- Gaseosas
INSERT INTO BEBIDA (ID_BEBIDA, NOMBRE, PRECIO, CATEGORIA, TAMANO, DESCRIPCION)
VALUES ('B001', 'Coca Cola', 8.50, 'Gaseosa', '1.5L', 'Botella de Coca Cola de 1.5L');
INSERT INTO BEBIDA (ID_BEBIDA, NOMBRE, PRECIO, CATEGORIA, TAMANO, DESCRIPCION)
VALUES ('B002', 'Inca Kola', 8.50, 'Gaseosa', '1.5L', 'Botella de Inca Kola de 1.5L');
INSERT INTO BEBIDA (ID_BEBIDA, NOMBRE, PRECIO, CATEGORIA, TAMANO, DESCRIPCION)
VALUES ('B003', 'Coca Cola', 5.50, 'Gaseosa', '500ml', 'Botella de Coca Cola de 500ml');
INSERT INTO BEBIDA (ID_BEBIDA, NOMBRE, PRECIO, CATEGORIA, TAMANO, DESCRIPCION)
VALUES ('B004', 'Inca Kola', 5.50, 'Gaseosa', '500ml', 'Botella de Inca Kola de 500ml');
-- Agua
INSERT INTO BEBIDA (ID_BEBIDA, NOMBRE, PRECIO, CATEGORIA, TAMANO, DESCRIPCION)
VALUES ('B005', 'Agua San Mateo', 3.00, 'Agua', '600ml', 'Botella de agua San Mateo de 600ml');
-- Jugos
INSERT INTO BEBIDA (ID_BEBIDA, NOMBRE, PRECIO, CATEGORIA, TAMANO, DESCRIPCION)
VALUES ('B006', 'Limonada', 4.00, 'Jugo', '1L', 'Jarra de limonada de 1L');
-- Infusiones
INSERT INTO BEBIDA (ID_BEBIDA, NOMBRE, PRECIO, CATEGORIA, TAMANO, DESCRIPCION)
VALUES ('B007', 'Té/Infusión de Canela y Clavo', 2.50, 'Jugo', 'N/A', 'Infusión de té con canela y clavo');
INSERT INTO BEBIDA (ID_BEBIDA, NOMBRE, PRECIO, CATEGORIA, TAMANO, DESCRIPCION)
VALUES ('B008', 'Anís/Manzanilla', 2.50, 'Jugo', 'N/A', 'Infusión de anís o manzanilla');
INSERT INTO BEBIDA (ID_BEBIDA, NOMBRE, PRECIO, CATEGORIA, TAMANO, DESCRIPCION)
VALUES ('B009', 'Café', 2.50, 'Jugo', 'N/A', 'Café');
-- Bebidas Alcohólicas
INSERT INTO BEBIDA (ID_BEBIDA, NOMBRE, PRECIO, CATEGORIA, TAMANO, DESCRIPCION)
VALUES ('B010', 'Sangría', 40.00, 'Alcohol', 'Jarra', 'Jarra de sangría tradicional');
INSERT INTO BEBIDA (ID_BEBIDA, NOMBRE, PRECIO, CATEGORIA, TAMANO, DESCRIPCION)
VALUES ('B011', 'Sangría', 12.00, 'Alcohol', 'Copa', 'Copa de sangría tradicional');
INSERT INTO BEBIDA (ID_BEBIDA, NOMBRE, PRECIO, CATEGORIA, TAMANO, DESCRIPCION)
VALUES ('B012', 'Vino Tacama Rosé', 50.00, 'Alcohol', '750ml', 'Botella de vino Tacama Rosé de 750ml');
INSERT INTO BEBIDA (ID_BEBIDA, NOMBRE, PRECIO, CATEGORIA, TAMANO, DESCRIPCION)
VALUES ('B013', 'Chicha', 8.00, 'Alcohol', '1L', 'Jarra de chicha de 1L');
INSERT INTO BEBIDA (ID_BEBIDA, NOMBRE, PRECIO, CATEGORIA, TAMANO, DESCRIPCION)
VALUES ('B014', 'Vino Tabernero Rosado', 40.00, 'Alcohol', '750ml', 'Botella de vino Tabernero Rosado de 750ml');
INSERT INTO BEBIDA (ID_BEBIDA, NOMBRE, PRECIO, CATEGORIA, TAMANO, DESCRIPCION)
VALUES ('B015', 'Cerveza Pilsen Trujillo', 9.00, 'Alcohol', '330ml', 'Botella de cerveza Pilsen Trujillo');
INSERT INTO BEBIDA (ID_BEBIDA, NOMBRE, PRECIO, CATEGORIA, TAMANO, DESCRIPCION)
VALUES ('B016', 'Cerveza Cusqueña', 9.00, 'Alcohol', '330ml', 'Botella de cerveza Cusqueña');

-- Papas fritas
INSERT INTO GUARNICION (ID_GUARNICION, PORCION, NOMBRE, PRECIO, CANTIDAD, MAGNITUD)
VALUES ('G001', '1', 'Papas Fritas', 14.00, 1, 'Porc.');
INSERT INTO GUARNICION (ID_GUARNICION, PORCION, NOMBRE, PRECIO, CANTIDAD, MAGNITUD)
VALUES ('G002', '1/2', 'Papas Fritas', 7.50, 1, 'Porc.');
-- Ensalada mixta
INSERT INTO GUARNICION (ID_GUARNICION, PORCION, NOMBRE, PRECIO, CANTIDAD, MAGNITUD)
VALUES ('G003', '1', 'Ensalada Mixta', 10.00, 1, 'Porc.');
INSERT INTO GUARNICION (ID_GUARNICION, PORCION, NOMBRE, PRECIO, CANTIDAD, MAGNITUD)
VALUES ('G004', '1/2', 'Ensalada Mixta', 5.00, 1, 'Porc.');
-- Arroz
INSERT INTO GUARNICION (ID_GUARNICION, PORCION, NOMBRE, PRECIO, CANTIDAD, MAGNITUD)
VALUES ('G005', '1', 'Arroz', 3.00, 1, 'Porc.');
-- Hot Dog
INSERT INTO GUARNICION (ID_GUARNICION, PORCION, NOMBRE, PRECIO, CANTIDAD, MAGNITUD)
VALUES ('G006', '1', 'Hot Dog', 3.00, 1, 'Unid.');
-- Huevo frito
INSERT INTO GUARNICION (ID_GUARNICION, PORCION, NOMBRE, PRECIO, CANTIDAD, MAGNITUD)
VALUES ('G007', '1', 'Huevo Frito', 1.50, 1, 'Unid.');
-- Huevo sancochado
INSERT INTO GUARNICION (ID_GUARNICION, PORCION, NOMBRE, PRECIO, CANTIDAD, MAGNITUD)
VALUES ('G008', '1', 'Huevo Sancochado', 1.50, 1, 'Unid.');
-- Mayonesa
INSERT INTO GUARNICION (ID_GUARNICION, PORCION, NOMBRE, PRECIO, CANTIDAD, MAGNITUD)
VALUES ('G009', '1', 'Mayonesa', 1.00, 1, 'oz.');
INSERT INTO GUARNICION (ID_GUARNICION, PORCION, NOMBRE, PRECIO, CANTIDAD, MAGNITUD)
VALUES ('G010', '2', 'Mayonesa', 2.00, 2, 'oz.');
-- Ají
INSERT INTO GUARNICION (ID_GUARNICION, PORCION, NOMBRE, PRECIO, CANTIDAD, MAGNITUD)
VALUES ('G011', '1', 'Ají', 1.00, 1, 'oz.');
INSERT INTO GUARNICION (ID_GUARNICION, PORCION, NOMBRE, PRECIO, CANTIDAD, MAGNITUD)
VALUES ('G012', '2', 'Ají', 2.00, 2, 'oz.');
-- Vinagreta
INSERT INTO GUARNICION (ID_GUARNICION, PORCION, NOMBRE, PRECIO, CANTIDAD, MAGNITUD)
VALUES ('G013', '1', 'Vinagreta', 1.00, 1, 'oz.');
INSERT INTO GUARNICION (ID_GUARNICION, PORCION, NOMBRE, PRECIO, CANTIDAD, MAGNITUD)
VALUES ('G014', '2', 'Vinagreta', 2.00, 2, 'oz.');




-- Inserción de 20 mesas
INSERT INTO MESA (NUMERO_MESA, ESTADO) VALUES (1, 'Disponible');
INSERT INTO MESA (NUMERO_MESA, ESTADO) VALUES (2, 'Disponible');
INSERT INTO MESA (NUMERO_MESA, ESTADO) VALUES (3, 'Disponible');
INSERT INTO MESA (NUMERO_MESA, ESTADO) VALUES (4, 'Disponible');
INSERT INTO MESA (NUMERO_MESA, ESTADO) VALUES (5, 'Disponible');
INSERT INTO MESA (NUMERO_MESA, ESTADO) VALUES (6, 'Disponible');
INSERT INTO MESA (NUMERO_MESA, ESTADO) VALUES (7, 'Disponible');
INSERT INTO MESA (NUMERO_MESA, ESTADO) VALUES (8, 'Disponible');
INSERT INTO MESA (NUMERO_MESA, ESTADO) VALUES (9, 'Disponible');
INSERT INTO MESA (NUMERO_MESA, ESTADO) VALUES (10, 'Disponible');
INSERT INTO MESA (NUMERO_MESA, ESTADO) VALUES (11, 'Disponible');
INSERT INTO MESA (NUMERO_MESA, ESTADO) VALUES (12, 'Disponible');
INSERT INTO MESA (NUMERO_MESA, ESTADO) VALUES (13, 'Disponible');
INSERT INTO MESA (NUMERO_MESA, ESTADO) VALUES (14, 'Disponible');
INSERT INTO MESA (NUMERO_MESA, ESTADO) VALUES (15, 'Disponible');
INSERT INTO MESA (NUMERO_MESA, ESTADO) VALUES (16, 'Disponible');
INSERT INTO MESA (NUMERO_MESA, ESTADO) VALUES (17, 'Disponible');
INSERT INTO MESA (NUMERO_MESA, ESTADO) VALUES (18, 'Disponible');
INSERT INTO MESA (NUMERO_MESA, ESTADO) VALUES (19, 'Disponible');
INSERT INTO MESA (NUMERO_MESA, ESTADO) VALUES (20, 'Disponible');



-- Inserción de 5 mozos
INSERT INTO MOZO (ID_MOZO, NOMBRE, APELLIDO_PATERNO, APELLIDO_MATERNO, TELEFONO, DNI) 
VALUES ('MZ001', 'Carlos', 'Gonzales', 'Ramirez', '987654321', '01234567');
INSERT INTO MOZO (ID_MOZO, NOMBRE, APELLIDO_PATERNO, APELLIDO_MATERNO, TELEFONO, DNI) 
VALUES ('MZ002', 'Luis', 'Torres', 'Martinez', '976543210', '12345678');
INSERT INTO MOZO (ID_MOZO, NOMBRE, APELLIDO_PATERNO, APELLIDO_MATERNO, TELEFONO, DNI) 
VALUES ('MZ003', 'Ana', 'Huaman', 'Lopez', '965432109', '23456789');
INSERT INTO MOZO (ID_MOZO, NOMBRE, APELLIDO_PATERNO, APELLIDO_MATERNO, TELEFONO, DNI) 
VALUES ('MZ004', 'María', 'Pérez', 'Soto', '954321098', '34567890');
INSERT INTO MOZO (ID_MOZO, NOMBRE, APELLIDO_PATERNO, APELLIDO_MATERNO, TELEFONO, DNI) 
VALUES ('MZ005', 'Jorge', 'Rojas', 'Vargas', '943210987', '45678901');


-- Insertar los pedidos (20 pedidos)
-- Pedido 1
INSERT INTO PEDIDO (ID_PEDIDO, FECHA, ESTADO, ID_MOZO, NUMERO_MESA) 
VALUES ('P001', SYSDATE, 'Pendiente', 'MZ001', 1);
INSERT INTO PLATILLO_PEDIDO (ID_PEDIDO, ID_PLATILLO, CANTIDAD) 
VALUES ('P001', 'P001', 2);
INSERT INTO BEBIDA_PEDIDO (ID_PEDIDO, ID_BEBIDA, CANTIDAD) 
VALUES ('P001', 'B001', 1);
INSERT INTO GUARNICION_PEDIDO (ID_PEDIDO, ID_GUARNICION, CANTIDAD) 
VALUES ('P001', 'G001', 2);

-- Pedido 2
INSERT INTO PEDIDO (ID_PEDIDO, FECHA, ESTADO, ID_MOZO, NUMERO_MESA) 
VALUES ('P002', SYSDATE, 'Pendiente', 'MZ002', 2);
INSERT INTO PLATILLO_PEDIDO (ID_PEDIDO, ID_PLATILLO, CANTIDAD) 
VALUES ('P002', 'C002', 1);
INSERT INTO BEBIDA_PEDIDO (ID_PEDIDO, ID_BEBIDA, CANTIDAD) 
VALUES ('P002', 'B003', 2);
INSERT INTO GUARNICION_PEDIDO (ID_PEDIDO, ID_GUARNICION, CANTIDAD) 
VALUES ('P002', 'G003', 1);

-- Pedido 3
INSERT INTO PEDIDO (ID_PEDIDO, FECHA, ESTADO, ID_MOZO, NUMERO_MESA) 
VALUES ('P003', SYSDATE, 'Pendiente', 'MZ003', 3);
INSERT INTO PLATILLO_PEDIDO (ID_PEDIDO, ID_PLATILLO, CANTIDAD) 
VALUES ('P003', 'P002', 1);
INSERT INTO BEBIDA_PEDIDO (ID_PEDIDO, ID_BEBIDA, CANTIDAD) 
VALUES ('P003', 'B001', 1);
INSERT INTO GUARNICION_PEDIDO (ID_PEDIDO, ID_GUARNICION, CANTIDAD) 
VALUES ('P003', 'G001', 1);

-- Pedido 4
INSERT INTO PEDIDO (ID_PEDIDO, FECHA, ESTADO, ID_MOZO, NUMERO_MESA) 
VALUES ('P004', SYSDATE, 'Pendiente', 'MZ004', 4);
INSERT INTO PLATILLO_PEDIDO (ID_PEDIDO, ID_PLATILLO, CANTIDAD) 
VALUES ('P004', 'P003', 2);
INSERT INTO BEBIDA_PEDIDO (ID_PEDIDO, ID_BEBIDA, CANTIDAD) 
VALUES ('P004', 'B003', 1);
INSERT INTO GUARNICION_PEDIDO (ID_PEDIDO, ID_GUARNICION, CANTIDAD) 
VALUES ('P004', 'G001', 1);

-- Pedido 5
INSERT INTO PEDIDO (ID_PEDIDO, FECHA, ESTADO, ID_MOZO, NUMERO_MESA) 
VALUES ('P005', SYSDATE, 'Pendiente', 'MZ005', 5);
INSERT INTO PLATILLO_PEDIDO (ID_PEDIDO, ID_PLATILLO, CANTIDAD) 
VALUES ('P005', 'C003', 1);
INSERT INTO BEBIDA_PEDIDO (ID_PEDIDO, ID_BEBIDA, CANTIDAD) 
VALUES ('P005', 'B004', 1);
INSERT INTO GUARNICION_PEDIDO (ID_PEDIDO, ID_GUARNICION, CANTIDAD) 
VALUES ('P005', 'G003', 1);

-- Pedido 6
INSERT INTO PEDIDO (ID_PEDIDO, FECHA, ESTADO, ID_MOZO, NUMERO_MESA) 
VALUES ('P006', SYSDATE, 'Pendiente', 'MZ001', 6);
INSERT INTO PLATILLO_PEDIDO (ID_PEDIDO, ID_PLATILLO, CANTIDAD) 
VALUES ('P006', 'P001', 1);
INSERT INTO BEBIDA_PEDIDO (ID_PEDIDO, ID_BEBIDA, CANTIDAD) 
VALUES ('P006', 'B002', 2);
INSERT INTO GUARNICION_PEDIDO (ID_PEDIDO, ID_GUARNICION, CANTIDAD) 
VALUES ('P006', 'G002', 2);

-- Pedido 7
INSERT INTO PEDIDO (ID_PEDIDO, FECHA, ESTADO, ID_MOZO, NUMERO_MESA) 
VALUES ('P007', SYSDATE, 'Pendiente', 'MZ002', 7);
INSERT INTO PLATILLO_PEDIDO (ID_PEDIDO, ID_PLATILLO, CANTIDAD) 
VALUES ('P007', 'C002', 2);
INSERT INTO BEBIDA_PEDIDO (ID_PEDIDO, ID_BEBIDA, CANTIDAD) 
VALUES ('P007', 'B003', 3);
INSERT INTO GUARNICION_PEDIDO (ID_PEDIDO, ID_GUARNICION, CANTIDAD) 
VALUES ('P007', 'G004', 1);

-- Pedido 8
INSERT INTO PEDIDO (ID_PEDIDO, FECHA, ESTADO, ID_MOZO, NUMERO_MESA) 
VALUES ('P008', SYSDATE, 'Pendiente', 'MZ003', 8);
INSERT INTO PLATILLO_PEDIDO (ID_PEDIDO, ID_PLATILLO, CANTIDAD) 
VALUES ('P008', 'P003', 1);
INSERT INTO BEBIDA_PEDIDO (ID_PEDIDO, ID_BEBIDA, CANTIDAD) 
VALUES ('P008', 'B004', 1);
INSERT INTO GUARNICION_PEDIDO (ID_PEDIDO, ID_GUARNICION, CANTIDAD) 
VALUES ('P008', 'G003', 1);

-- Pedido 9
INSERT INTO PEDIDO (ID_PEDIDO, FECHA, ESTADO, ID_MOZO, NUMERO_MESA) 
VALUES ('P009', SYSDATE, 'Pendiente', 'MZ004', 9);
INSERT INTO PLATILLO_PEDIDO (ID_PEDIDO, ID_PLATILLO, CANTIDAD) 
VALUES ('P009', 'C005', 1);
INSERT INTO BEBIDA_PEDIDO (ID_PEDIDO, ID_BEBIDA, CANTIDAD) 
VALUES ('P009', 'B005', 1);
INSERT INTO GUARNICION_PEDIDO (ID_PEDIDO, ID_GUARNICION, CANTIDAD) 
VALUES ('P009', 'G005', 1);

-- Pedido 10
INSERT INTO PEDIDO (ID_PEDIDO, FECHA, ESTADO, ID_MOZO, NUMERO_MESA) 
VALUES ('P010', SYSDATE, 'Pendiente', 'MZ005', 10);
INSERT INTO PLATILLO_PEDIDO (ID_PEDIDO, ID_PLATILLO, CANTIDAD) 
VALUES ('P010', 'P004', 1);
INSERT INTO BEBIDA_PEDIDO (ID_PEDIDO, ID_BEBIDA, CANTIDAD) 
VALUES ('P010', 'B006', 2);
INSERT INTO GUARNICION_PEDIDO (ID_PEDIDO, ID_GUARNICION, CANTIDAD) 
VALUES ('P010', 'G002', 3);

-- Pedido 11
INSERT INTO PEDIDO (ID_PEDIDO, FECHA, ESTADO, ID_MOZO, NUMERO_MESA) 
VALUES ('P011', SYSDATE, 'Pendiente', 'MZ001', 11);
INSERT INTO PLATILLO_PEDIDO (ID_PEDIDO, ID_PLATILLO, CANTIDAD) 
VALUES ('P011', 'P005', 1);
INSERT INTO BEBIDA_PEDIDO (ID_PEDIDO, ID_BEBIDA, CANTIDAD) 
VALUES ('P011', 'B007', 1);
INSERT INTO GUARNICION_PEDIDO (ID_PEDIDO, ID_GUARNICION, CANTIDAD) 
VALUES ('P011', 'G007', 2);

-- Pedido 12
INSERT INTO PEDIDO (ID_PEDIDO, FECHA, ESTADO, ID_MOZO, NUMERO_MESA) 
VALUES ('P012', SYSDATE, 'Pendiente', 'MZ002', 12);
INSERT INTO PLATILLO_PEDIDO (ID_PEDIDO, ID_PLATILLO, CANTIDAD) 
VALUES ('P012', 'C003', 2);
INSERT INTO BEBIDA_PEDIDO (ID_PEDIDO, ID_BEBIDA, CANTIDAD) 
VALUES ('P012', 'B008', 2);
INSERT INTO GUARNICION_PEDIDO (ID_PEDIDO, ID_GUARNICION, CANTIDAD) 
VALUES ('P012', 'G003', 3);

-- Pedido 13
INSERT INTO PEDIDO (ID_PEDIDO, FECHA, ESTADO, ID_MOZO, NUMERO_MESA) 
VALUES ('P013', SYSDATE, 'Pendiente', 'MZ003', 13);
INSERT INTO PLATILLO_PEDIDO (ID_PEDIDO, ID_PLATILLO, CANTIDAD) 
VALUES ('P013', 'P002', 1);
INSERT INTO BEBIDA_PEDIDO (ID_PEDIDO, ID_BEBIDA, CANTIDAD) 
VALUES ('P013', 'B002', 1);
INSERT INTO GUARNICION_PEDIDO (ID_PEDIDO, ID_GUARNICION, CANTIDAD) 
VALUES ('P013', 'G004', 1);

-- Pedido 14
INSERT INTO PEDIDO (ID_PEDIDO, FECHA, ESTADO, ID_MOZO, NUMERO_MESA) 
VALUES ('P014', SYSDATE, 'Pendiente', 'MZ004', 14);
INSERT INTO PLATILLO_PEDIDO (ID_PEDIDO, ID_PLATILLO, CANTIDAD) 
VALUES ('P014', 'C001', 2);
INSERT INTO BEBIDA_PEDIDO (ID_PEDIDO, ID_BEBIDA, CANTIDAD) 
VALUES ('P014', 'B001', 3);
INSERT INTO GUARNICION_PEDIDO (ID_PEDIDO, ID_GUARNICION, CANTIDAD) 
VALUES ('P014', 'G002', 1);

-- Pedido 15
INSERT INTO PEDIDO (ID_PEDIDO, FECHA, ESTADO, ID_MOZO, NUMERO_MESA) 
VALUES ('P015', SYSDATE, 'Pendiente', 'MZ005', 15);
INSERT INTO PLATILLO_PEDIDO (ID_PEDIDO, ID_PLATILLO, CANTIDAD) 
VALUES ('P015', 'P004', 1);
INSERT INTO BEBIDA_PEDIDO (ID_PEDIDO, ID_BEBIDA, CANTIDAD) 
VALUES ('P015', 'B003', 1);
INSERT INTO GUARNICION_PEDIDO (ID_PEDIDO, ID_GUARNICION, CANTIDAD) 
VALUES ('P015', 'G001', 2);

-- Pedido 16
INSERT INTO PEDIDO (ID_PEDIDO, FECHA, ESTADO, ID_MOZO, NUMERO_MESA) 
VALUES ('P016', SYSDATE, 'Pendiente', 'MZ001', 16);
INSERT INTO PLATILLO_PEDIDO (ID_PEDIDO, ID_PLATILLO, CANTIDAD) 
VALUES ('P016', 'P002', 1);
INSERT INTO BEBIDA_PEDIDO (ID_PEDIDO, ID_BEBIDA, CANTIDAD) 
VALUES ('P016', 'B002', 1);
INSERT INTO GUARNICION_PEDIDO (ID_PEDIDO, ID_GUARNICION, CANTIDAD) 
VALUES ('P016', 'G003', 1);

-- Pedido 17
INSERT INTO PEDIDO (ID_PEDIDO, FECHA, ESTADO, ID_MOZO, NUMERO_MESA) 
VALUES ('P017', SYSDATE, 'Pendiente', 'MZ002', 17);
INSERT INTO PLATILLO_PEDIDO (ID_PEDIDO, ID_PLATILLO, CANTIDAD) 
VALUES ('P017', 'P003', 2);
INSERT INTO BEBIDA_PEDIDO (ID_PEDIDO, ID_BEBIDA, CANTIDAD) 
VALUES ('P017', 'B004', 2);
INSERT INTO GUARNICION_PEDIDO (ID_PEDIDO, ID_GUARNICION, CANTIDAD) 
VALUES ('P017', 'G005', 1);

-- Pedido 18
INSERT INTO PEDIDO (ID_PEDIDO, FECHA, ESTADO, ID_MOZO, NUMERO_MESA) 
VALUES ('P018', SYSDATE, 'Pendiente', 'MZ003', 18);
INSERT INTO PLATILLO_PEDIDO (ID_PEDIDO, ID_PLATILLO, CANTIDAD) 
VALUES ('P018', 'C005', 1);
INSERT INTO BEBIDA_PEDIDO (ID_PEDIDO, ID_BEBIDA, CANTIDAD) 
VALUES ('P018', 'B005', 1);
INSERT INTO GUARNICION_PEDIDO (ID_PEDIDO, ID_GUARNICION, CANTIDAD) 
VALUES ('P018', 'G004', 2);

-- Pedido 19
INSERT INTO PEDIDO (ID_PEDIDO, FECHA, ESTADO, ID_MOZO, NUMERO_MESA) 
VALUES ('P019', SYSDATE, 'Pendiente', 'MZ004', 19);
INSERT INTO PLATILLO_PEDIDO (ID_PEDIDO, ID_PLATILLO, CANTIDAD) 
VALUES ('P019', 'P004', 2);
INSERT INTO BEBIDA_PEDIDO (ID_PEDIDO, ID_BEBIDA, CANTIDAD) 
VALUES ('P019', 'B003', 1);
INSERT INTO GUARNICION_PEDIDO (ID_PEDIDO, ID_GUARNICION, CANTIDAD) 
VALUES ('P019', 'G002', 1);

-- Pedido 20
INSERT INTO PEDIDO (ID_PEDIDO, FECHA, ESTADO, ID_MOZO, NUMERO_MESA) 
VALUES ('P020', SYSDATE, 'Pendiente', 'MZ005', 20);
INSERT INTO PLATILLO_PEDIDO (ID_PEDIDO, ID_PLATILLO, CANTIDAD) 
VALUES ('P020', 'C001', 1);
INSERT INTO BEBIDA_PEDIDO (ID_PEDIDO, ID_BEBIDA, CANTIDAD) 
VALUES ('P020', 'B002', 2);
INSERT INTO GUARNICION_PEDIDO (ID_PEDIDO, ID_GUARNICION, CANTIDAD) 
VALUES ('P020', 'G003', 1);



-- Inserción de 10 clientes
INSERT INTO CLIENTE (ID_CLIENTE, NOMBRE, APELLIDO_PATERNO, APELLIDO_MATERNO, TELEFONO, CORREO_ELECTRONICO)
VALUES ('C001', 'Juan', 'Pérez', 'González', '987654321', 'juan.perez@email.com');
INSERT INTO CLIENTE (ID_CLIENTE, NOMBRE, APELLIDO_PATERNO, APELLIDO_MATERNO, TELEFONO, CORREO_ELECTRONICO)
VALUES ('C002', 'María', 'Lopez', 'Martínez', '976543210', 'maria.lopez@email.com');
INSERT INTO CLIENTE (ID_CLIENTE, NOMBRE, APELLIDO_PATERNO, APELLIDO_MATERNO, TELEFONO, CORREO_ELECTRONICO)
VALUES ('C003', 'Carlos', 'Gonzales', 'Ramirez', '965432109', 'carlos.gonzales@email.com');
INSERT INTO CLIENTE (ID_CLIENTE, NOMBRE, APELLIDO_PATERNO, APELLIDO_MATERNO, TELEFONO, CORREO_ELECTRONICO)
VALUES ('C004', 'Laura', 'Hernández', 'Sánchez', '954321098', 'laura.hernandez@email.com');
INSERT INTO CLIENTE (ID_CLIENTE, NOMBRE, APELLIDO_PATERNO, APELLIDO_MATERNO, TELEFONO, CORREO_ELECTRONICO)
VALUES ('C005', 'Pedro', 'Martínez', 'Gómez', '943210987', 'pedro.martinez@email.com');
INSERT INTO CLIENTE (ID_CLIENTE, NOMBRE, APELLIDO_PATERNO, APELLIDO_MATERNO, TELEFONO, CORREO_ELECTRONICO)
VALUES ('C006', 'Ana', 'Ruiz', 'Jiménez', '932109876', 'ana.ruiz@email.com');
INSERT INTO CLIENTE (ID_CLIENTE, NOMBRE, APELLIDO_PATERNO, APELLIDO_MATERNO, TELEFONO, CORREO_ELECTRONICO)
VALUES ('C007', 'Luis', 'García', 'Fernández', '921098765', 'luis.garcia@email.com');
INSERT INTO CLIENTE (ID_CLIENTE, NOMBRE, APELLIDO_PATERNO, APELLIDO_MATERNO, TELEFONO, CORREO_ELECTRONICO)
VALUES ('C008', 'Beatriz', 'Vázquez', 'López', '910987654', 'beatriz.vazquez@email.com');
INSERT INTO CLIENTE (ID_CLIENTE, NOMBRE, APELLIDO_PATERNO, APELLIDO_MATERNO, TELEFONO, CORREO_ELECTRONICO)
VALUES ('C009', 'Raúl', 'Méndez', 'Pérez', '909876543', 'raul.mendez@email.com');
INSERT INTO CLIENTE (ID_CLIENTE, NOMBRE, APELLIDO_PATERNO, APELLIDO_MATERNO, TELEFONO, CORREO_ELECTRONICO)
VALUES ('C010', 'Patricia', 'Jiménez', 'Santos', '898765432', 'patricia.jimenez@email.com');


-- Comprobante para el pedido 1 (Boleta)
INSERT INTO COMPROBANTE (ID_COMPROBANTE, FECHA, TIPO_COMPROBANTE, ID_PEDIDO, ID_CLIENTE)
VALUES ('C001', SYSDATE, 'Boleta', 'P001', 'C002');

INSERT INTO BOLETA (NUMERO, ID_COMPROBANTE, DNI)
VALUES (1, 'C001', '12345678');

-- Comprobante para el pedido 2 (Factura)
INSERT INTO COMPROBANTE (ID_COMPROBANTE, FECHA, TIPO_COMPROBANTE, ID_PEDIDO, ID_CLIENTE)
VALUES ('C002', SYSDATE, 'Factura', 'P002', 'C003');

INSERT INTO FACTURA (NUMERO, ID_COMPROBANTE, RUC)
VALUES (1, 'C002', '20123456789');

-- Comprobante para el pedido 3 (Boleta)
INSERT INTO COMPROBANTE (ID_COMPROBANTE, FECHA, TIPO_COMPROBANTE, ID_PEDIDO, ID_CLIENTE)
VALUES ('C003', SYSDATE, 'Boleta', 'P003', 'C004');

INSERT INTO BOLETA (NUMERO, ID_COMPROBANTE, DNI)
VALUES (2, 'C003', '23456789');

-- Comprobante para el pedido 4 (Factura)
INSERT INTO COMPROBANTE (ID_COMPROBANTE, FECHA, TIPO_COMPROBANTE, ID_PEDIDO, ID_CLIENTE)
VALUES ('C004', SYSDATE, 'Factura', 'P004', 'C005');

INSERT INTO FACTURA (NUMERO, ID_COMPROBANTE, RUC)
VALUES (2, 'C004', '20567812345');

-- Comprobante para el pedido 5 (Boleta)
INSERT INTO COMPROBANTE (ID_COMPROBANTE, FECHA, TIPO_COMPROBANTE, ID_PEDIDO, ID_CLIENTE)
VALUES ('C005', SYSDATE, 'Boleta', 'P005', 'C006');

INSERT INTO BOLETA (NUMERO, ID_COMPROBANTE, DNI)
VALUES (3, 'C005', '34567890');

-- Comprobante para el pedido 6 (Factura)
INSERT INTO COMPROBANTE (ID_COMPROBANTE, FECHA, TIPO_COMPROBANTE, ID_PEDIDO, ID_CLIENTE)
VALUES ('C006', SYSDATE, 'Factura', 'P006', 'C001');

INSERT INTO FACTURA (NUMERO, ID_COMPROBANTE, RUC)
VALUES (3, 'C006', '20678901234');

-- Comprobante para el pedido 7 (Boleta)
INSERT INTO COMPROBANTE (ID_COMPROBANTE, FECHA, TIPO_COMPROBANTE, ID_PEDIDO, ID_CLIENTE)
VALUES ('C007', SYSDATE, 'Boleta', 'P007', 'C002');

INSERT INTO BOLETA (NUMERO, ID_COMPROBANTE, DNI)
VALUES (4, 'C007', '45678901');

-- Comprobante para el pedido 8 (Factura)
INSERT INTO COMPROBANTE (ID_COMPROBANTE, FECHA, TIPO_COMPROBANTE, ID_PEDIDO, ID_CLIENTE)
VALUES ('C008', SYSDATE, 'Factura', 'P008', 'C003');

INSERT INTO FACTURA (NUMERO, ID_COMPROBANTE, RUC)
VALUES (4, 'C008', '20789012345');

-- Comprobante para el pedido 9 (Boleta)
INSERT INTO COMPROBANTE (ID_COMPROBANTE, FECHA, TIPO_COMPROBANTE, ID_PEDIDO, ID_CLIENTE)
VALUES ('C009', SYSDATE, 'Boleta', 'P009', 'C004');

INSERT INTO BOLETA (NUMERO, ID_COMPROBANTE, DNI)
VALUES (5, 'C009', '56789012');

-- Comprobante para el pedido 10 (Factura)
INSERT INTO COMPROBANTE (ID_COMPROBANTE, FECHA, TIPO_COMPROBANTE, ID_PEDIDO, ID_CLIENTE)
VALUES ('C010', SYSDATE, 'Factura', 'P010', 'C005');

INSERT INTO FACTURA (NUMERO, ID_COMPROBANTE, RUC)
VALUES (5, 'C010', '20890123456');

-- Comprobante para el pedido 11 (Boleta)
INSERT INTO COMPROBANTE (ID_COMPROBANTE, FECHA, TIPO_COMPROBANTE, ID_PEDIDO, ID_CLIENTE)
VALUES ('C011', SYSDATE, 'Boleta', 'P011', 'C006');

INSERT INTO BOLETA (NUMERO, ID_COMPROBANTE, DNI)
VALUES (6, 'C011', '67890123');

-- Comprobante para el pedido 12 (Factura)
INSERT INTO COMPROBANTE (ID_COMPROBANTE, FECHA, TIPO_COMPROBANTE, ID_PEDIDO, ID_CLIENTE)
VALUES ('C012', SYSDATE, 'Factura', 'P012', 'C001');

INSERT INTO FACTURA (NUMERO, ID_COMPROBANTE, RUC)
VALUES (6, 'C012', '20901234567');

-- Comprobante para el pedido 13 (Boleta)
INSERT INTO COMPROBANTE (ID_COMPROBANTE, FECHA, TIPO_COMPROBANTE, ID_PEDIDO, ID_CLIENTE)
VALUES ('C013', SYSDATE, 'Boleta', 'P013', 'C002');

INSERT INTO BOLETA (NUMERO, ID_COMPROBANTE, DNI)
VALUES (7, 'C013', '78901234');

-- Comprobante para el pedido 14 (Factura)
INSERT INTO COMPROBANTE (ID_COMPROBANTE, FECHA, TIPO_COMPROBANTE, ID_PEDIDO, ID_CLIENTE)
VALUES ('C014', SYSDATE, 'Factura', 'P014', 'C003');

INSERT INTO FACTURA (NUMERO, ID_COMPROBANTE, RUC)
VALUES (7, 'C014', '21012345678');

-- Comprobante para el pedido 15 (Boleta)
INSERT INTO COMPROBANTE (ID_COMPROBANTE, FECHA, TIPO_COMPROBANTE, ID_PEDIDO, ID_CLIENTE)
VALUES ('C015', SYSDATE, 'Boleta', 'P015', 'C004');

INSERT INTO BOLETA (NUMERO, ID_COMPROBANTE, DNI)
VALUES (8, 'C015', '89012345');

-- Comprobante para el pedido 16 (Factura)
INSERT INTO COMPROBANTE (ID_COMPROBANTE, FECHA, TIPO_COMPROBANTE, ID_PEDIDO, ID_CLIENTE)
VALUES ('C016', SYSDATE, 'Factura', 'P016', 'C005');

INSERT INTO FACTURA (NUMERO, ID_COMPROBANTE, RUC)
VALUES (8, 'C016', '21123456789');

-- Comprobante para el pedido 17 (Boleta)
INSERT INTO COMPROBANTE (ID_COMPROBANTE, FECHA, TIPO_COMPROBANTE, ID_PEDIDO, ID_CLIENTE)
VALUES ('C017', SYSDATE, 'Boleta', 'P017', 'C006');

INSERT INTO BOLETA (NUMERO, ID_COMPROBANTE, DNI)
VALUES (9, 'C017', '90123456');

-- Comprobante para el pedido 18 (Factura)
INSERT INTO COMPROBANTE (ID_COMPROBANTE, FECHA, TIPO_COMPROBANTE, ID_PEDIDO, ID_CLIENTE)
VALUES ('C018', SYSDATE, 'Factura', 'P018', 'C001');

INSERT INTO FACTURA (NUMERO, ID_COMPROBANTE, RUC)
VALUES (9, 'C018', '21234567890');

-- Comprobante para el pedido 19 (Boleta)
INSERT INTO COMPROBANTE (ID_COMPROBANTE, FECHA, TIPO_COMPROBANTE, ID_PEDIDO, ID_CLIENTE)
VALUES ('C019', SYSDATE, 'Boleta', 'P019', 'C002');

INSERT INTO BOLETA (NUMERO, ID_COMPROBANTE, DNI)
VALUES (10, 'C019', '01234567');

-- Comprobante para el pedido 20 (Factura)
INSERT INTO COMPROBANTE (ID_COMPROBANTE, FECHA, TIPO_COMPROBANTE, ID_PEDIDO, ID_CLIENTE)
VALUES ('C020', SYSDATE, 'Factura', 'P020', 'C003');
INSERT INTO FACTURA (NUMERO, ID_COMPROBANTE, RUC)
VALUES (20, 'C020', '20456789012');

